county,subcounty,ward
Baringo,Eldama Ravine,Lembus
Baringo,Baringo Central,Ewalel/Chapchap
Baringo,Baringo Central,Kabarnet
Baringo,Baringo Central,Kapropita
Baringo,Baringo Central,Sacho
Baringo,Baringo Central,Tenges
Baringo,Baringo North,Bartabwa
Baringo,Baringo North,Barwessa
Baringo,Baringo North,Kabartonjo
Baringo,Baringo North,Saimo/Kipsaraman
Baringo,Baringo North,Saimo/Soi
Baringo,Baringo South,Ilchamus
Baringo,Baringo South,Marigat
Baringo,Baringo South,Mochongoi
Baringo,Baringo South,Mukutani
Baringo,Eldama Ravine,Koibatek
Baringo,Eldama Ravine,Lembus Kwen
Baringo,Eldama Ravine,Lembus/Perkerra
Baringo,Eldama Ravine,Mumberes/Maji Mazuri
Baringo,Eldama Ravine,Ravine
Baringo,Mogotio,Emining
Baringo,Mogotio,Kisanana
Baringo,Mogotio,Mogotio
Baringo,Tiaty,Churo/Amaya
Baringo,Tiaty,Kolowa
Baringo,Tiaty,Loiyamorock
Baringo,Tiaty,Ribkwo
Baringo,Tiaty,Silale
Baringo,Tiaty,Tangulbei/Korossi
Baringo,Tiaty,Tirioko
Bomet,Bomet Central,Chesoen
Bomet,Bomet Central,Mutarakwa
Bomet,Bomet Central,Ndaraweta
Bomet,Bomet Central,Silibwet Township
Bomet,Bomet Central,Singorwet
Bomet,Bomet East,Chemaner
Bomet,Bomet East,Kembu
Bomet,Bomet East,Kipreres
Bomet,Bomet East,Longisa
Bomet,Bomet East,Merigi
Bomet,Chepalungu,Chebunyo
Bomet,Chepalungu,Kong'Asis
Bomet,Chepalungu,Nyangores
Bomet,Chepalungu,Sigor
Bomet,Chepalungu,Siongiroi
Bomet,Konoin,Boito
Bomet,Konoin,Chepchabas
Bomet,Konoin,Embomos
Bomet,Konoin,Kimulot
Bomet,Konoin,Mogogosiek
Bomet,Sotik,Chemagel
Bomet,Sotik,Kapletundo
Bomet,Sotik,Kipsonoi
Bomet,Sotik,Ndanai/Abosi
Bomet,Sotik,Rongena/Manaret
Bungoma,Bumula,Bumula
Bungoma,Bumula,Kabula
Bungoma,Bumula,Khasoko
Bungoma,Bumula,Kimaeti
Bungoma,Bumula,Siboti
Bungoma,Bumula,South Bukusu
Bungoma,Bumula,West Bukusu
Bungoma,Kabuchai,Bwake/Luuya
Bungoma,Kabuchai,Kabuchai/Chwele
Bungoma,Kabuchai,Mukuyuni
Bungoma,Kabuchai,West Nalondo
Bungoma,Kanduyi,Bukembe East
Bungoma,Kanduyi,Bukembe West
Bungoma,Kanduyi,East Sang'Alo
Bungoma,Kanduyi,Khalaba
Bungoma,Kanduyi,Marakaru/Tuuti
Bungoma,Kanduyi,Musikoma
Bungoma,Kanduyi,Township
Bungoma,Kanduyi,West Sang'Alo
Bungoma,Kimilili,Kamukuywa
Bungoma,Kimilili,Kibingei
Bungoma,Kimilili,Kimilili
Bungoma,Kimilili,Maeni
Kakamega,Likuyani,Kongoni
Kakamega,Likuyani,Likuyani
Kakamega,Likuyani,Nzoia
Kakamega,Likuyani,Sango
Kakamega,Likuyani,Sinoko
Kakamega,Lugari,Chekalini
Kakamega,Lugari,Lugari
Kakamega,Lugari,Lumakanda
Kakamega,Lugari,Mautuma
Bungoma,Mt. Elgon,Cheptais
Bungoma,Mt. Elgon,Chepyuk
Bungoma,Mt. Elgon,Chesikaki
Bungoma,Mt. Elgon,Elgon
Bungoma,Mt. Elgon,Kapkateny
Bungoma,Mt. Elgon,Kaptama
Bungoma,Sirisia,Lwandanyi
Bungoma,Sirisia,Malakisi/South Kulisiru
Bungoma,Sirisia,Namwela
Bungoma,Tongaren,Mbakalo
Bungoma,Tongaren,Milima
Bungoma,Tongaren,Naitiri/Kabuyefwe
Bungoma,Tongaren,Ndalu/ Tabani
Bungoma,Tongaren,Soysambu/ Mitua
Bungoma,Tongaren,Tongaren
Bungoma,Webuye West,Bokoli
Bungoma,Webuye West,Matulo
Bungoma,Webuye West,Misikhu
Bungoma,Webuye West,Sitikho
Bungoma,Webuye East,Maraka
Bungoma,Webuye East,Mihuu
Bungoma,Webuye East,Ndivisi
Busia,Budalangi,Bunyala Central
Busia,Budalangi,Bunyala North
Busia,Budalangi,Bunyala South
Busia,Budalangi,Bunyala West
Busia,Butula,Elugulu
Busia,Butula,Kingandole
Busia,Butula,Marachi Central
Busia,Butula,Marachi East
Busia,Butula,Marachi North
Busia,Butula,Marachi West
Busia,Funyula,Ageng'A Nanguba
Busia,Funyula,Bwiri
Busia,Funyula,Namboboto Nambuku
Busia,Funyula,Nangina
Busia,Matayos,Bukhayo West
Busia,Matayos,Burumba
Busia,Matayos,Busibwabo
Busia,Matayos,Matayos South
Busia,Matayos,Mayenje
Busia,Nambale,Bukhayo Central
Busia,Nambale,Bukhayo East
Busia,Nambale,Bukhayo North/Waltsi
Busia,Nambale,Nambale Township
Busia,Teso North,Ang'Urai East
Busia,Teso North,Ang'Urai North
Busia,Teso North,Ang'Urai South
Busia,Teso North,Malaba Central
Busia,Teso North,Malaba North
Busia,Teso North,Malaba South
Busia,Teso South,Amukura Central
Busia,Teso South,Amukura East
Busia,Teso South,Amukura West
Busia,Teso South,Ang'Orom
Busia,Teso South,Chakol North
Busia,Teso South,Chakol South
Elgeyo-Marakwet,Keiyo North,Emsoo
Elgeyo-Marakwet,Keiyo North,Kamariny
Elgeyo-Marakwet,Keiyo North,Kapchemutwa
Elgeyo-Marakwet,Keiyo North,Tambach
Elgeyo-Marakwet,Keiyo South,Chepkorio
Elgeyo-Marakwet,Keiyo South,Kabiemit
Elgeyo-Marakwet,Keiyo South,Kaptarakwa
Elgeyo-Marakwet,Keiyo South,Metkei
Elgeyo-Marakwet,Keiyo South,Soy North
Elgeyo-Marakwet,Keiyo South,Soy South
Elgeyo-Marakwet,Marakwet East,Endo
Elgeyo-Marakwet,Marakwet East,Kapyego
Elgeyo-Marakwet,Marakwet East,Sambirir
Elgeyo-Marakwet,Marakwet West,Arror
Elgeyo-Marakwet,Marakwet West,Cherang'Any/Chebororwa
Elgeyo-Marakwet,Marakwet West,Kapsowar
Elgeyo-Marakwet,Marakwet West,Moiben/Kuserwo
Elgeyo-Marakwet,Marakwet West,Sengwer
Embu,Manyatta,Gaturi North
Embu,Manyatta,Gaturi South
Embu,Manyatta,Kirimari
Embu,Manyatta,Kithimu
Embu,Manyatta,Mbeti North
Embu,Manyatta,Nginda
Embu,Manyatta,Ruguru/Ngandori
Embu,Mbeere North,Evurore
Embu,Mbeere North,Muminji
Embu,Mbeere North,Nthawa
Embu,Mbeere South,Kiambere
Embu,Mbeere South,Makima
Embu,Mbeere South,Mavuria
Embu,Mbeere South,Mbeti South
Embu,Mbeere South,Mwea
Embu,Runyenjes,Central  Ward
Embu,Runyenjes,Kagaari North
Embu,Runyenjes,Kagaari South
Embu,Runyenjes,Kyeni North
Embu,Runyenjes,Kyeni South
Garissa,Balambala,Balambala
Garissa,Balambala,Danyere
Garissa,Balambala,Jara Jara
Garissa,Balambala,Saka
Garissa,Balambala,Sankuri
Garissa,Daadab,Abakaile
Garissa,Daadab,Dadaab
Garissa,Daadab,Damajale
Garissa,Daadab,Dertu
Garissa,Daadab,Labasigale
Garissa,Daadab,Liboi
Garissa,Fafi,Bura
Garissa,Fafi,Dekaharia
Garissa,Fafi,Fafi
Garissa,Fafi,Jarajila
Garissa,Fafi,Nanighi
Garissa,Garissa Township,Galbet
Garissa,Garissa Township,Iftin
Garissa,Garissa Township,Township
Garissa,Garissa Township,Waberi
Garissa,Ijara,Hulugho
Garissa,Ijara,Ijara
Garissa,Ijara,Masalani
Garissa,Ijara,Sangailu
Garissa,Lagdera,Baraki
Garissa,Lagdera,Benane
Garissa,Lagdera,Goreale
Garissa,Lagdera,Maalimin
Garissa,Lagdera,Modogashe
Garissa,Lagdera,Sabena
Homa Bay,Karachuonyo,North Karachuonyo
Homa Bay,Homa Bay Town,Homa Bay Arujo
Homa Bay,Homa Bay Town,Homa Bay Central
Homa Bay,Homa Bay Town,Homa Bay East
Homa Bay,Homa Bay Town,Homa Bay West
Homa Bay,Kabondo Kasipul,Kabondo East
Homa Bay,Kabondo Kasipul,Kabondo West
Homa Bay,Kabondo Kasipul,Kojwach
Homa Bay,Kabondo Kasipul,Kokwanyo/Kakelo
Homa Bay,Karachuonyo,Central
Homa Bay,Karachuonyo,Kanyaluo
Homa Bay,Karachuonyo,Kendu Bay Town
Homa Bay,Karachuonyo,Kibiri
Homa Bay,Karachuonyo,Wangchieng
Homa Bay,Karachuonyo,West Karachuonyo
Homa Bay,Kasipul,Central Kasipul
Homa Bay,Kasipul,East Kamagak
Homa Bay,Kasipul,South Kasipul
Homa Bay,Kasipul,West Kamagak
Homa Bay,Kasipul,West Kasipul
Homa Bay,Mbita,Gembe
Homa Bay,Mbita,Kasgunga
Homa Bay,Mbita,Lambwe
Homa Bay,Mbita,Mfangano Island
Homa Bay,Mbita,Rusinga Island
Homa Bay,Ndhiwa,Kabuoch North
Homa Bay,Ndhiwa,Kabuoch South/Pala
Homa Bay,Ndhiwa,Kanyadoto
Homa Bay,Ndhiwa,Kanyamwa Kologi
Homa Bay,Ndhiwa,Kanyamwa Kosewe
Homa Bay,Ndhiwa,Kanyikela
Homa Bay,Ndhiwa,Kwabwai
Homa Bay,Rangwe,East Gem
Homa Bay,Rangwe,Kagan
Homa Bay,Rangwe,Kochia
Homa Bay,Rangwe,West Gem
Homa Bay,Suba,Gwassi North
Homa Bay,Suba,Gwassi South
Homa Bay,Suba,Kaksingri West
Homa Bay,Suba,Ruma-Kaksingri
Isiolo,Isiolo North,Bulla Pesa
Isiolo,Isiolo North,Burat
Isiolo,Merti,Chari
Isiolo,Merti,Cherab
Isiolo,Isiolo North,Ngare Mara
Isiolo,Isiolo North,Oldo/Nyiro
Isiolo,Isiolo North,Wabera
Isiolo,Garbatulla,Garbatulla
Isiolo,Garbatulla,Kinna
Isiolo,Garbatulla,Sericho
Kajiado,Kajiado Central,Dalalekutuk
Kajiado,Kajiado Central,Ildamat
Kajiado,Kajiado Central,Matapato North
Kajiado,Kajiado Central,Matapato South
Kajiado,Kajiado Central,Purko
Kajiado,Kajiado East,Imaroro
Kajiado,Kajiado East,Kaputiei North
Kajiado,Kajiado East,Kenyawa-Poka
Kajiado,Kajiado East,Kitengela
Kajiado,Kajiado East,Oloosirkon/Sholinke
Kajiado,Kajiado North,Ngong
Kajiado,Kajiado North,Nkaimurunya
Kajiado,Kajiado North,Olkeri
Kajiado,Kajiado North,Oloolua
Kajiado,Kajiado North,Ongata Rongai
Kajiado,Kajiado South,Entonet/Lenkisim
Kajiado,Kajiado South,Kimana
Kajiado,Kajiado South,Kuku
Kajiado,Kajiado South,Mbirikani/Eselenkei
Kajiado,Kajiado South,Rombo
Kajiado,Kajiado West,Ewuaso Oonkidong'I
Kajiado,Kajiado West,Iloodokilani
Kajiado,Kajiado West,Keekonyokie
Kajiado,Kajiado West,Magadi
Kajiado,Kajiado West,Mosiro
Kakamega,Butere,Marama Central
Kakamega,Butere,Marama North
Kakamega,Butere,Marama South
Kakamega,Butere,Marama West
Kakamega,Butere,Marenyo - Shianda
Kakamega,Ikolomani,Idakho Central
Kakamega,Ikolomani,Idakho East
Kakamega,Ikolomani,Idakho North
Kakamega,Ikolomani,Idakho South
Kakamega,Khwisero,Kisa Central
Kakamega,Khwisero,Kisa East
Kakamega,Khwisero,Kisa North
Kakamega,Khwisero,Kisa West
Kakamega,Lugari,Chevaywa
Kakamega,Lugari,Lwandeti
Kakamega,Lurambi,Butsotso Central
Kakamega,Lurambi,Butsotso East
Kakamega,Lurambi,Butsotso South
Kakamega,Lurambi,Mahiakalo
Kakamega,Lurambi,Sheywe
Kakamega,Lurambi,Shirere
Kakamega,Malava,Butali/Chegulo
Kakamega,Malava,Chemuche
Kakamega,Malava,East Kabras
Kakamega,Malava,Manda-Shivanga
Kakamega,Malava,Shirugu-Mugai
Kakamega,Malava,South Kabras
Kakamega,Malava,West Kabras
Kakamega,Matungu,Khalaba
Kakamega,Matungu,Kholera
Kakamega,Matungu,Koyonzo
Kakamega,Matungu,Mayoni
Kakamega,Matungu,Namamali
Kakamega,Mumias East,East Wanga
Kakamega,Mumias East,Lusheya/Lubinu
Kakamega,Mumias East,Malaha/Isongo/Makunga
Kakamega,Mumias West,Etenje
Kakamega,Mumias West,Mumias Central
Kakamega,Mumias West,Mumias North
Kakamega,Mumias West,Musanda
Kakamega,Navakholo,Bunyala Central
Kakamega,Navakholo,Bunyala East
Kakamega,Navakholo,Bunyala West
Kakamega,Navakholo,Ingostse-Mathia
Kakamega,Navakholo,Shinoyi-Shikomari-Esumeyia
Kakamega,Shinyalu,Isukha Central
Kakamega,Shinyalu,Isukha East
Kakamega,Shinyalu,Isukha North
Kakamega,Shinyalu,Isukha South
Kakamega,Shinyalu,Isukha West
Kakamega,Shinyalu,Murhanda
Kericho,Ainamoi,Ainamoi
Kericho,Ainamoi,Kapkugerwet
Kericho,Ainamoi,Kapsaos
Kericho,Ainamoi,Kapsoit
Kericho,Ainamoi,Kipchebor
Kericho,Ainamoi,Kipchimchim
Kericho,Belgut,Chaik
Kericho,Belgut,Cheptororiet/Seretut
Kericho,Belgut,Kabianga
Kericho,Belgut,Kapsuser
Kericho,Belgut,Waldai
Kericho,Bureti,Cheboin
Kericho,Bureti,Chemosot
Kericho,Bureti,Cheplanget
Kericho,Bureti,Kapkatet
Kericho,Bureti,Kisiara
Kericho,Bureti,Litein
Kericho,Bureti,Tebesonik
Kericho,Kipkelion East,Chepseon
Kericho,Kipkelion East,Kedowa/Kimugul
Kericho,Kipkelion East,Londiani
Kericho,Kipkelion East,Tendeno/Sorget
Kericho,Kipkelion West,Chilchila
Kericho,Kipkelion West,Kamasian
Kericho,Kipkelion West,Kipkelion
Kericho,Kipkelion West,Kunyak
Kericho,Sigowet/Soin,Kaplelartet
Kericho,Sigowet/Soin,Sigowet
Kericho,Sigowet/Soin,Soin
Kericho,Sigowet/Soin,Soliat
Kiambu,Gatundu North,Chania
Kiambu,Gatundu North,Githobokoni
Kiambu,Gatundu North,Gituamba
Kiambu,Gatundu North,Mang'U
Kiambu,Gatundu South,Kiamwangi
Kiambu,Gatundu South,Kiganjo
Kiambu,Gatundu South,Ndarugu
Kiambu,Gatundu South,Ngenda
Kiambu,Githunguri,Githiga
Kiambu,Githunguri,Githunguri
Kiambu,Githunguri,Ikinu
Kiambu,Githunguri,Komothai
Kiambu,Githunguri,Ngewa
Kiambu,Juja,Juja
Kiambu,Juja,Kalimoni
Kiambu,Juja,Murera
Kiambu,Juja,Theta
Kiambu,Juja,Witeithie
Kiambu,Kabete,Gitaru
Kiambu,Kabete,Kabete
Kiambu,Kabete,Muguga
Kiambu,Kabete,Nyadhuna
Kiambu,Kabete,Uthiru
Kiambu,Kiambaa,Cianda
Kiambu,Kiambaa,Karuri
Kiambu,Kiambaa,Kihara
Kiambu,Kiambaa,Muchatha
Kiambu,Kiambaa,Ndenderu
Kiambu,Kiambu,Ndumberi
Kiambu,Kiambu,Riabai
Kiambu,Kiambu,Ting'Ang'A
Kiambu,Kiambu,Township
Kiambu,Kikuyu,Karai
Kiambu,Kikuyu,Kikuyu
Kiambu,Kikuyu,Kinoo
Kiambu,Kikuyu,Nachu
Kiambu,Kikuyu,Sigona
Kiambu,Lari,Kamburu
Kiambu,Lari,Kijabe
Kiambu,Lari,Kinale
Kiambu,Lari,Lari/Kirenga
Kiambu,Lari,Nyanduma
Kiambu,Limuru,Bibirioni
Kiambu,Limuru,Limuru Central
Kiambu,Limuru,Limuru East
Kiambu,Limuru,Ndeiya
Kiambu,Limuru,Ngecha Tigoni
Kiambu,Ruiru,Biashara
Kiambu,Ruiru,Gitothua
Kiambu,Ruiru,Gatongora
Kiambu,Thika Town,Gatuanyaga
Kiambu,Thika Town,Hospital
Kiambu,Thika Town,Kamenu
Kiambu,Thika Town,Ngoliba
Kiambu,Thika Town,Township
Kilifi,Ganze,Bamba
Kilifi,Ganze,Ganze
Kilifi,Ganze,Jaribuni
Kilifi,Ganze,Sokoke
Kilifi,Kaloleni,Kaloleni
Kilifi,Kaloleni,Kayafungo
Kilifi,Kaloleni,Mariakani
Kilifi,Kaloleni,Mwanamwinga
Kilifi,Kilifi North,Dabaso
Kilifi,Kilifi North,Kibarani
Kilifi,Kilifi North,Matsangoni
Kilifi,Kilifi North,Mnarani
Kilifi,Kilifi North,Sokoni
Kilifi,Kilifi North,Tezo
Kilifi,Kilifi North,Watamu
Kilifi,Kilifi South,Chasimba
Kilifi,Kilifi South,Junju
Kilifi,Kilifi South,Mtepeni
Kilifi,Kilifi South,Mwarakaya
Kilifi,Kilifi South,Shimo La Tewa
Kilifi,Magarini,Adu
Kilifi,Magarini,Garashi
Kilifi,Magarini,Gongoni
Kilifi,Magarini,Magarini
Kilifi,Magarini,Marafa
Kilifi,Malindi,Ganda
Kilifi,Malindi,Jilore
Kilifi,Malindi,Kakuyuni
Kilifi,Malindi,Malindi Town
Kilifi,Malindi,Sabaki
Kilifi,Malindi,Shella
Kilifi,Rabai,Kambe/Ribe
Kilifi,Rabai,Mwawesa
Kilifi,Rabai,Rabai/Kisurutini
Kilifi,Rabai,Ruruma
Kirinyaga,Gichugu,Baragwi
Kirinyaga,Gichugu,Kabare
Kirinyaga,Gichugu,Karumandi
Kirinyaga,Gichugu,Ngariama
Kirinyaga,Gichugu,Njukiini
Kirinyaga,Kirinyaga Central,Inoi
Kirinyaga,Kirinyaga Central,Kanyekini
Kirinyaga,Kirinyaga Central,Kerugoya
Kirinyaga,Kirinyaga Central,Mutira
Kirinyaga,Mwea,Gathigiriri
Kirinyaga,Mwea,Kangai
Kirinyaga,Mwea,Murinduko
Kirinyaga,Mwea,Mutithi
Kirinyaga,Mwea,Nyangati
Kirinyaga,Mwea,Tebere
Kirinyaga,Mwea,Thiba
Kirinyaga,Mwea,Wamumu
Kirinyaga,Ndia,Kariti
Kirinyaga,Ndia,Kiine
Kirinyaga,Ndia,Mukure
Kisii,Bobasi,Basi Bogetaorio
Kisii,Bobasi,Basi Central
Kisii,Bobasi,Bobasi Boitangare
Kisii,Bobasi,Bobasi Chache
Kisii,Bobasi,Masige East
Kisii,Bobasi,Masige West
Kisii,Bobasi,Nyacheki
Kisii,Bobasi,Sameta/Mokwerero
Kisii,Bomachoge Borabu,Bokimonge
Kisii,Bomachoge Borabu,Bombaba Borabu
Kisii,Bomachoge Borabu,Boochi Borabu
Kisii,Bomachoge Borabu,Magenche
Kisii,Bomachoge Chache,Boochi/Tendere
Kisii,Bomachoge Chache,Bosoti/Sengera
Kisii,Bomachoge Chache,Majoge Basi
Kisii,Bonchari,Bogiakumu
Kisii,Bonchari,Bomariba
Kisii,Bonchari,Bomorenda
Kisii,Bonchari,Riana
Kisii,Kitutu Chache North,Kegogi
Kisii,Kitutu Chache North,Marani
Kisii,Kitutu Chache North,Monyerero
Kisii,Kitutu Chache North,Sensi
Kisii,Kitutu Chache South,Bogeka
Kisii,Kitutu Chache South,Bogusero
Kisii,Kitutu Chache South,Kitutu   Central
Kisii,Kitutu Chache South,Nyakoe
Kisii,Kitutu Chache South,Nyatieko
Kisii,Nyaribari Chache,Birongo
Kisii,Nyaribari Chache,Bobaracho
Kisii,Nyaribari Chache,Ibeno
Kisii,Nyaribari Chache,Keumbu
Kisii,Nyaribari Chache,Kiogoro
Kisii,Nyaribari Chache,Kisii Central
Kisii,Nyaribari Masaba,Gesusu
Kisii,Nyaribari Masaba,Ichuni
Kisii,Nyaribari Masaba,Kiamokama
Kisii,Nyaribari Masaba,Masimba
Kisii,Nyaribari Masaba,Nyamasibi
Kisii,South Mugirango,Bogetenga
Kisii,South Mugirango,Boikang'A
Kisii,South Mugirango,Borabu / Chitago
Kisii,South Mugirango,Getenga
Kisii,South Mugirango,Moticho
Kisii,South Mugirango,Tabaka
Kisumu,Kisumu Central,Kondele
Kisumu,Kisumu Central,Market Milimani
Kisumu,Kisumu Central,Migosi
Kisumu,Kisumu Central,Nyalenda 'A'
Kisumu,Kisumu Central,Nyalenda B
Kisumu,Kisumu Central,Railways
Kisumu,Kisumu Central,Shaurimoyo Kaloleni
Kisumu,Kisumu East,Kajulu
Kisumu,Kisumu East,Kolwa Central
Kisumu,Kisumu East,Kolwa East
Kisumu,Kisumu East,Manyatta 'B'
Kisumu,Kisumu West,Central Kisumu
Kisumu,Kisumu West,Kisumu North
Kisumu,Kisumu West,North West Kisumu
Kisumu,Kisumu West,South West Kisumu
Kisumu,Kisumu West,West Kisumu
Kisumu,Muhoroni,Chemelil
Kisumu,Muhoroni,Masogo/Nyang'Oma
Kisumu,Muhoroni,Miwani
Kisumu,Muhoroni,Muhoroni/Koru
Kisumu,Muhoroni,Ombeyi
Kisumu,Nyakach,Central Nyakach
Kisumu,Nyakach,North Nyakach
Kisumu,Nyakach,South East Nyakach
Kisumu,Nyakach,South West Nyakach
Kisumu,Nyakach,West Nyakach
Kisumu,Nyando,Ahero
Kisumu,Nyando,Awasi/Onjiko
Kisumu,Nyando,East Kano/Wawidhi
Kisumu,Nyando,Kabonyo/Kanyagwal
Kisumu,Nyando,Kobura
Kisumu,Seme,Central Seme
Kisumu,Seme,East Seme
Kisumu,Seme,North Seme
Kisumu,Seme,West Seme
Kitui,Kitui Central,Kyangwithya East
Kitui,Kitui Central,Kyangwithya West
Kitui,Kitui Central,Miambani
Kitui,Kitui Central,Township
Kitui,Kitui East,Chuluni
Kitui,Kitui East,Endau/Malalani
Kitui,Kitui East,Mutito/Kaliku
Kitui,Kitui East,Nzambani
Kitui,Kitui East,Voo/Kyamatu
Kitui,Kitui East,Zombe/Mwitika
Kitui,Kitui Rural,Kanyangi
Kitui,Kitui Rural,Kisasi
Kitui,Kitui Rural,Kwavonza/Yatta
Kitui,Kitui Rural,Mbitini
Kitui,Kitui Rural,Mulango
Kitui,Kitui South,Athi
Kitui,Kitui South,Ikanga/Kyatune
Kitui,Kitui South,Ikutha
Kitui,Kitui South,Kanziko
Kitui,Kitui South,Mutha
Kitui,Kitui South,Mutomo
Kitui,Kitui West,Kauwi
Kitui,Kitui West,Kwa Mutonga/Kithumula
Kitui,Kitui West,Matinyani
Kitui,Kitui West,Mutonguni
Kitui,Mwingi Central,Central
Kitui,Mwingi Central,Kiomo/Kyethani
Kitui,Mwingi Central,Kivou
Kitui,Mwingi Central,Mui
Kitui,Mwingi Central,Nguni
Kitui,Mwingi Central,Nuu
Kitui,Mwingi Central,Waita
Kitui,Mwingi North,Kyuso
Kitui,Mwingi North,Mumoni
Kitui,Mwingi North,Ngomeni
Kitui,Mwingi North,Tharaka
Kitui,Mwingi North,Tseikuru
Kitui,Mwingi West,Kyome/Thaana
Kitui,Mwingi West,Migwani
Kitui,Mwingi West,Nguutani
Kwale,Kinango,Chengoni/Samburu
Kwale,Kinango,Kinango
Kwale,Kinango,Mackinnon Road
Kwale,Kinango,Mwavumbo
Kwale,Kinango,Ndavaya
Kwale,Kinango,Puma
Kwale,Msambweni,Dzombo
Kwale,Msambweni,Mwereni
Kwale,Msambweni,Pongwe/Kikoneni
Kwale,Msambweni,Vanga
Kwale,Matuga,Kubo South
Kwale,Matuga,Mkongani
Kwale,Matuga,Tiwi
Kwale,Matuga,Tsimba Golini
Kwale,Matuga,Waa
Kwale,Msambweni,Gombato Bongwe
Kwale,Msambweni,Kinondo
Kwale,Msambweni,Ramisi
Kwale,Msambweni,Ukunda
Laikipia,Laikipia East,Nanyuki
Laikipia,Laikipia East,Ngobit
Laikipia,Laikipia East,Thingithu
Laikipia,Laikipia East,Tigithi
Laikipia,Laikipia North,Mugogodo East
Laikipia,Laikipia North,Mugogodo West
Laikipia,Laikipia North,Segera
Laikipia,Laikipia North,Sosian
Laikipia,Laikipia North,Umande
Laikipia,Laikipia West,Githiga
Laikipia,Laikipia West,Igwamiti
Laikipia,Laikipia West,Marmanet
Laikipia,Laikipia West,Ol-Moran
Laikipia,Laikipia West,Rumuruti Township
Laikipia,Laikipia West,Salama
Lamu,Lamu East,Basuba
Lamu,Lamu East,Faza
Lamu,Lamu East,Kiunga
Lamu,Lamu West,Bahari
Lamu,Lamu West,Hindi
Lamu,Lamu West,Hongwe
Lamu,Lamu West,Mkomani
Lamu,Lamu West,Mkunumbi
Lamu,Lamu West,Shella
Lamu,Lamu West,Witu
Machakos,Kangundo,Kangundo Central
Machakos,Kangundo,Kangundo East
Machakos,Kangundo,Kangundo North
Machakos,Kangundo,Kangundo West
Machakos,Kathiani,Kathiani Central
Machakos,Kathiani,Lower Kaewa/Kaani
Machakos,Kathiani,Mitaboni
Machakos,Kathiani,Upper Kaewa/Iveti
Machakos,Machakos Town,Kalama
Machakos,Machakos Town,Kola
Machakos,Machakos Town,Machakos Central
Machakos,Machakos Town,Mua
Machakos,Machakos Town,Mumbuni North
Machakos,Machakos Town,Mutituni
Machakos,Machakos Town,Muvuti/Kiima-Kimwe
Machakos,Masinga,Ekalakala
Machakos,Masinga,Kivaa
Machakos,Masinga,Masinga Central
Machakos,Masinga,Muthesya
Machakos,Masinga,Ndithini
Machakos,Matungulu,Kyeleni
Machakos,Matungulu,Matungulu East
Machakos,Matungulu,Matungulu North
Machakos,Matungulu,Matungulu West
Machakos,Matungulu,Tala
Machakos,Mavoko,Athi River
Machakos,Mavoko,Kinanie
Machakos,Mavoko,Muthwani
Machakos,Mavoko,Syokimau/Mulolongo
Machakos,Mwala,Kibauni
Machakos,Mwala,Makutano/ Mwala
Machakos,Mwala,Masii
Machakos,Mwala,Mbiuni
Machakos,Mwala,Muthetheni
Machakos,Mwala,Wamunyu
Machakos,Yatta,Ikombe
Machakos,Yatta,Katangi
Machakos,Yatta,Kithimani
Machakos,Yatta,Matuu
Machakos,Yatta,Ndalani
Makueni,Kaiti,Ilima
Makueni,Kaiti,Kee
Makueni,Kaiti,Kilungu
Makueni,Kaiti,Ukia
Makueni,Kibwezi East,Ivingoni/Nzambani
Makueni,Kibwezi East,Masongaleni
Makueni,Kibwezi East,Mtito Andei
Makueni,Kibwezi East,Thange
Makueni,Kibwezi West,Emali/Mulala
Makueni,Kibwezi West,Kikumbulyu North
Makueni,Kibwezi West,Kikumbulyu South
Makueni,Kibwezi West,Makindu
Makueni,Kibwezi West,Nguu/Masumba
Makueni,Kibwezi West,Nguumo
Makueni,Kilome,Kasikeu
Makueni,Kilome,Kiima Kiu/Kalanzoni
Makueni,Kilome,Mukaa
Makueni,Makueni,Kathonzweni
Makueni,Makueni,Kitise/Kithuki
Makueni,Makueni,Mavindini
Makueni,Makueni,Mbitini
Makueni,Makueni,Muvau/Kikuumini
Makueni,Makueni,Nzaui/Kilili/Kalamba
Makueni,Makueni,Wote
Makueni,Mbooni,Kalawa
Makueni,Mbooni,Kiteta/Kisau
Makueni,Mbooni,Kithungo/Kitundu
Makueni,Mbooni,Mbooni
Makueni,Mbooni,Tulimani
Makueni,Mbooni,Waia-Kako
Mandera,Mandera South,Elwak Nort
Mandera,Banissa,Banissa
Mandera,Banissa,Derkhale
Mandera,Banissa,Guba
Mandera,Banissa,Kiliwehiri
Mandera,Banissa,Malkamari
Mandera,Lafey,Alango Gof
Mandera,Lafey,Lafey
Mandera,Lafey,Libehia
Mandera,Lafey,Waranqara
Mandera,Mandera East,Arabia
Mandera,Mandera East,Bulla Mpya
Mandera,Mandera East,Fino
Mandera,Mandera East,Khalalio
Mandera,Mandera East,Neboi
Mandera,Mandera East,Township
Mandera,Mandera North,Ashabito
Mandera,Mandera North,Guticha
Mandera,Mandera North,Morothile
Mandera,Mandera North,Rhamu-Dimtu
Mandera,Mandera North,Rhamu
Mandera,Mandera South,Elwak South
Mandera,Mandera South,Kutulo
Mandera,Mandera South,Shimbir Fatuma
Mandera,Mandera South,Wargadud
Mandera,Mandera West,Dandu
Mandera,Mandera West,Gither
Mandera,Mandera West,Lagsure
Mandera,Mandera West,Takaba South
Mandera,Mandera West,Takaba
Marsabit,Laisamis,Kargi/South Horr
Marsabit,Laisamis,Korr/Ngurunit
Marsabit,Laisamis,Laisamis
Marsabit,Laisamis,Logo Logo
Marsabit,Laisamis,Loiyangalani
Marsabit,Moyale,Butiye
Marsabit,Moyale,Golbo
Marsabit,Moyale,Heillu/Manyatta
Marsabit,Moyale,Moyale Township
Marsabit,Moyale,Obbu
Marsabit,Moyale,Sololo
Marsabit,Moyale,Uran
Marsabit,North Horr,Dukana
Marsabit,North Horr,Illeret
Marsabit,North Horr,Maikona
Marsabit,North Horr,North Horr
Marsabit,North Horr,Turbi
Marsabit,Saku,Karare
Marsabit,Saku,Marsabit Central
Marsabit,Saku,Sagante/Jaldesa
Meru,Central Imenti,Kiagu
Meru,Buuri,Kibirichia
Meru,Buuri,Kiirua/Naari
Meru,Buuri,Kisima
Meru,Buuri,Ruiri/Rwarera
Meru,Buuri,Timau
Meru,Central Imenti,Abothuguchi Central
Meru,Central Imenti,Abothuguchi West
Meru,Central Imenti,Mwanganthia
Meru,Igembe Central,Akirang'Ondu
Meru,Igembe Central,Athiru Ruujine
Meru,Igembe Central,Igembe East
Meru,Igembe Central,Kangeta
Meru,Igembe Central,Njia
Meru,Igembe North,Amwathi
Meru,Igembe North,Antuambui
Meru,Igembe North,Antubetwe Kiongo
Meru,Igembe North,Naathu
Meru,Igembe North,Ntunene
Meru,Igembe South,Akachiu
Meru,Igembe South,Athiru Gaiti
Meru,Igembe South,Kanuni
Meru,Igembe South,Kiegoi/Antubochiu
Meru,Igembe South,Maua
Meru,North Imenti,Municipality
Meru,North Imenti,Ntima East
Meru,North Imenti,Ntima West
Meru,North Imenti,Nyaki East
Meru,North Imenti,Nyaki West
Meru,South Imenti,Abogeta East
Meru,South Imenti,Abogeta West
Meru,South Imenti,Igoji East
Meru,South Imenti,Igoji West
Meru,South Imenti,Mitunguu
Meru,South Imenti,Nkuene
Meru,Tigania East,Karama
Meru,Tigania East,Kiguchwa
Meru,Tigania East,Mikinduri
Meru,Tigania East,Muthara
Meru,Tigania East,Thangatha
Meru,Tigania West,Akithii
Meru,Tigania West,Athwana
Meru,Tigania West,Kianjai
Meru,Tigania West,Mbeu
Meru,Tigania West,Nkomo
Migori,Awendo,Central Sakwa
Migori,Awendo,North Sakwa
Migori,Awendo,South Sakwa
Migori,Awendo,West Sakwa
Migori,Kuria East,Gokeharaka/Getambwega
Migori,Kuria East,Ntimaru East
Migori,Kuria East,Ntimaru West
Migori,Kuria East,Nyabasi East
Migori,Kuria East,Nyabasi West
Migori,Kuria West,Bukira Centrl/Ikerege
Migori,Kuria West,Bukira East
Migori,Kuria West,Isibania
Migori,Kuria West,Makerero
Migori,Kuria West,Masaba
Migori,Kuria West,Nyamosense/Komosoko
Migori,Kuria West,Tagare
Migori,Nyatike,Got Kachola
Migori,Nyatike,Kachien'G
Migori,Nyatike,Kaler
Migori,Nyatike,Kanyasa
Migori,Nyatike,Macalder/Kanyarwanda
Migori,Nyatike,Muhuru
Migori,Nyatike,North Kadem
Migori,Rongo,Central Kamagambo
Migori,Rongo,East Kamagambo
Migori,Rongo,North Kamagambo
Migori,Rongo,South Kamagambo
Migori,Suna East,God Jope
Migori,Suna East,Kakrao
Migori,Suna East,Kwa
Migori,Suna East,Suna Central
Migori,Suna West,Ragana-Oruba
Migori,Suna West,Wasimbete
Migori,Suna West,Wasweta Ii
Migori,Suna West,Wiga
Migori,Uriri,Central Kanyamkago
Migori,Uriri,East Kanyamkago
Migori,Uriri,North Kanyamkago
Migori,Uriri,South Kanyamkago
Migori,Uriri,West Kanyamkago
Mombasa,Changamwe,Airport
Mombasa,Changamwe,Chaani
Mombasa,Changamwe,Changamwe
Mombasa,Changamwe,Kipevu
Mombasa,Changamwe,Port Reitz
Mombasa,Jomvu,Jomvu Kuu
Mombasa,Jomvu,Mikindani
Mombasa,Jomvu,Miritini
Mombasa,Kisauni,Bamburi
Mombasa,Kisauni,Junda
Mombasa,Kisauni,Magogoni
Mombasa,Kisauni,Mjambere
Mombasa,Kisauni,Mtopanga
Mombasa,Kisauni,Mwakirunge
Mombasa,Kisauni,Shanzu
Mombasa,Likoni,Bofu
Mombasa,Likoni,Likoni
Mombasa,Likoni,Mtongwe
Mombasa,Likoni,Shika Adabu
Mombasa,Likoni,Timbwani
Mombasa,Mvita,Majengo
Mombasa,Mvita,Mji Wa Kale/Makadara
Mombasa,Mvita,Shimanzi/Ganjoni
Mombasa,Mvita,Tononoka
Mombasa,Mvita,Tudor
Mombasa,Nyali,Frere Town
Mombasa,Nyali,Kadzandani
Mombasa,Nyali,Kongowea
Mombasa,Nyali,Mkomani
Mombasa,Nyali,Ziwa La Ng'Ombe
Murang'a,Gatanga,Gatanga
Murang'a,Gatanga,Ithanga
Murang'a,Gatanga,Kakuzi/Mitubiri
Murang'a,Gatanga,Kariara
Murang'a,Gatanga,Kihumbu-Ini
Murang'a,Gatanga,Mugumo-Ini
Murang'a,Kandara,Gaichanjiru
Murang'a,Kandara,Ithiru
Murang'a,Kandara,Kagundu-Ini
Murang'a,Kandara,Muruka
Murang'a,Kandara,Ng'Araria
Murang'a,Kandara,Ruchu
Murang'a,Kangema,Kanyenya-Ini
Murang'a,Kangema,Muguru
Murang'a,Kangema,Rwathia
Murang'a,Kigumo,Kahumbu
Murang'a,Kigumo,Kangari
Murang'a,Kigumo,Kigumo
Murang'a,Kigumo,Kinyona
Murang'a,Kigumo,Muthithi
Murang'a,Kiharu,Gaturi
Murang'a,Kiharu,Mbiri
Murang'a,Kahuro,Mugoiri
Murang'a,Kangema,Murarandia
Murang'a,Kiharu,Township
Murang'a,Kahuro,Wangu
Murang'a,Maragwa,Ichagaki
Murang'a,Maragwa,Kamahuha
Murang'a,Maragwa,Kambiti
Murang'a,Maragwa,Kimorori/Wempa
Murang'a,Maragwa,Makuyu
Murang'a,Maragwa,Nginda
Murang'a,Mathioya,Gitugi
Murang'a,Mathioya,Kamacharia
Murang'a,Mathioya,Kiru
Nairobi,Dagoretti North,Gatina
Nairobi,Dagoretti North,Kileleshwa
Nairobi,Dagoretti North,Kilimani
Nairobi,Dagoretti North,Kabiro
Nairobi,Dagoretti North,Kawangware
Nairobi,Dagoretti South,Mutu-Ini
Nairobi,Dagoretti South,Ngando
Nairobi,Dagoretti South,Riruta
Nairobi,Dagoretti South,Uthiru/Ruthimitu
Nairobi,Dagoretti South,Waithaka
Nairobi,Embakasi Central,Kayole Central
Nairobi,Embakasi Central,Kayole North
Nairobi,Embakasi Central,Kayole South
Nairobi,Embakasi Central,Komarock
Nairobi,Embakasi Central,Matopeni/Spring Valley
Nairobi,Embakasi East,Embakasi
Nairobi,Embakasi East,Lower Savannah
Nairobi,Embakasi East,Mihango
Nairobi,Embakasi East,Upper Savannah
Nairobi,Embakasi East,Utawala
Nairobi,Embakasi North,Dandora Area Iii
Nairobi,Embakasi North,Dandora Area Ii
Nairobi,Embakasi North,Dandora Area Iv
Nairobi,Embakasi North,Dandora Area I
Nairobi,Embakasi North,Kariobangi North
Nairobi,Embakasi South,Imara Daima
Nairobi,Embakasi South,Kwa Njenga
Nairobi,Embakasi South,Kwa Reuben
Nairobi,Embakasi South,Kware
Nairobi,Embakasi South,Pipeline
Nairobi,Embakasi West,Kariobangi South
Nairobi,Embakasi West,Mowlem
Nairobi,Embakasi West,Umoja Ii
Nairobi,Embakasi West,Umoja I
Nairobi,Kamukunji,Airbase
Nairobi,Kamukunji,California
Nairobi,Kamukunji,Eastleigh North
Nairobi,Kamukunji,Eastleigh South
Nairobi,Kamukunji,Pumwani
Nairobi,Kasarani,Clay City
Nairobi,Kasarani,Kasarani
Nairobi,Kasarani,Mwiki
Nairobi,Kasarani,Njiru
Nairobi,Kasarani,Ruai
Nairobi,Kibra,Laini Saba
Nairobi,Kibra,Lindi
Nairobi,Kibra,Makina
Nairobi,Langata,Nyayo Highrise
Nairobi,Kibra,Sarangombe
Nairobi,Kibra,Woodley/Kenyatta Golf Course
Nairobi,Langata,Karen
Nairobi,Langata,Mugumu-Ini
Nairobi,Langata,Nairobi West
Nairobi,Langata,South C
Nairobi,Makadara,Harambee
Nairobi,Makadara,Makongeni
Nairobi,Makadara,Maringo/Hamza
Nairobi,Makadara,Viwandani
Nairobi,Mathare,Hospital
Nairobi,Mathare,Huruma
Nairobi,Mathare,Kiamaiko
Nairobi,Mathare,Mabatini
Nairobi,Mathare,Mlango Kubwa
Nairobi,Roysambu,Githurai
Nairobi,Roysambu,Kahawa West
Nairobi,Roysambu,Kahawa
Nairobi,Roysambu,Roysambu
Nairobi,Roysambu,Zimmerman
Nairobi,Ruaraka,Baba Dogo
Nairobi,Ruaraka,Korogocho
Nairobi,Ruaraka,Lucky Summer
Nairobi,Ruaraka,Mathare North
Nairobi,Ruaraka,Utalii
Nairobi,Starehe,Landimawe
Nairobi,Starehe,Nairobi Central
Nairobi,Starehe,Nairobi South
Nairobi,Starehe,Ngara
Nairobi,Starehe,Pangani
Nairobi,Starehe,Ziwani/Kariokor
Nairobi,Westlands,Kangemi
Nairobi,Westlands,Karura
Nairobi,Westlands,Kitisuru
Nairobi,Westlands,Mountain View
Nairobi,Westlands,Parklands/Highridge
Nakuru,Bahati,Bahati
Nakuru,Bahati,Dundori
Nakuru,Bahati,Kabatini
Nakuru,Bahati,Kiamaina
Nakuru,Bahati,Lanet/Umoja
Nakuru,Gilgil,Elementaita
Nakuru,Gilgil,Gilgil
Nakuru,Gilgil,Malewa West
Nakuru,Gilgil,Mbaruk/Eburu
Nakuru,Gilgil,Murindati
Nakuru,Kuresoi North,Kamara
Nakuru,Kuresoi North,Kiptororo
Nakuru,Kuresoi North,Nyota
Nakuru,Kuresoi North,Sirikwa
Nakuru,Kuresoi South,Amalo
Nakuru,Kuresoi South,Keringet
Nakuru,Kuresoi South,Kiptagich
Nakuru,Kuresoi South,Tinet
Nakuru,Molo,Elburgon
Nakuru,Molo,Mariashoni
Nakuru,Molo,Molo
Nakuru,Molo,Turi
Nakuru,Naivasha,Biashara
Nakuru,Naivasha,Hells Gate
Nakuru,Naivasha,Lake View
Nakuru,Naivasha,Mai Mahiu
Nakuru,Naivasha,Maiella
Nakuru,Naivasha,Naivasha East
Nakuru,Naivasha,Olkaria
Nakuru,Naivasha,Viwandani
Nakuru,Nakuru Town East,Biashara
Nakuru,Nakuru Town East,Flamingo
Nakuru,Nakuru Town East,Kivumbini
Nakuru,Nakuru Town East,London
Nakuru,Nakuru Town East,Menengai
Nakuru,Nakuru Town East,Nakuru East
Nakuru,Nakuru Town West,Barut
Nakuru,Nakuru Town West,Kapkures
Nakuru,Nakuru Town West,Kaptembwo
Nakuru,Nakuru Town West,Rhoda
Nakuru,Nakuru Town West,Shaabab
Nakuru,Njoro,Kihingo
Nakuru,Njoro,Lare
Nakuru,Njoro,Mau Narok
Nakuru,Njoro,Mauche
Nakuru,Njoro,Nessuit
Nakuru,Njoro,Njoro
Nakuru,Rongai,Menengai West
Nakuru,Rongai,Mosop
Nakuru,Rongai,Soin
Nakuru,Rongai,Solai
Nakuru,Rongai,Visoi
Nakuru,Subukia,Kabazi
Nakuru,Subukia,Subukia
Nakuru,Subukia,Waseges
Nandi,Aldai,Kabwareng
Nandi,Aldai,Kaptumo-Kaboi
Nandi,Aldai,Kemeloi-Maraba
Nandi,Aldai,Kobujoi
Nandi,Aldai,Koyo-Ndurio
Nandi,Aldai,Terik
Nandi,Chesumei,Chemundu/Kapng'Etuny
Nandi,Chesumei,Kaptel/Kamoiywo
Nandi,Chesumei,Kiptuya
Nandi,Chesumei,Kosirai
Nandi,Chesumei,Lelmokwo/Ngechek
Nandi,Emgwen,Chepkumia
Nandi,Emgwen,Kapkangani
Nandi,Emgwen,Kapsabet
Nandi,Emgwen,Kilibwoni
Nandi,Mosop,Chepterwai
Nandi,Mosop,Kabisaga
Nandi,Mosop,Kabiyet
Nandi,Mosop,Kipkaren
Nandi,Mosop,Kurgung/Surungai
Nandi,Mosop,Ndalat
Nandi,Mosop,Sangalo/Kebulonik
Nandi,Nandi Hills,Chepkunyuk
Nandi,Nandi Hills,Kapchorua
Nandi,Nandi Hills,Nandi Hills
Nandi,Nandi Hills,Ol'Lessos
Nandi,Tinderet,Chemelil/Chemase
Nandi,Tinderet,Kapsimotwo
Nandi,Tinderet,Songhor/Soba
Nandi,Tinderet,Tindiret
Narok,Emurua Dikirr,Ilkerin
Narok,Emurua Dikirr,Kapsasian
Narok,Emurua Dikirr,Mogondo
Narok,Emurua Dikirr,Ololmasani
Narok,Kilgoris,Angata Barikoi
Narok,Kilgoris,Keyian
Narok,Kilgoris,Kilgoris Central
Narok,Kilgoris,Kimintet
Narok,Kilgoris,Lolgorian
Narok,Kilgoris,Shankoe
Narok,Narok East,Keekonyokie
Narok,Narok East,Mosiro
Narok,Narok East,Suswa
Narok,Narok North,Melili
Narok,Narok North,Narok Town
Narok,Narok North,Nkareta
Narok,Narok North,Olokurto
Narok,Narok North,Olorropil
Narok,Narok North,Olpusimoru
Narok,Narok South,Ildamat
Narok,Narok South,Loita
Narok,Narok South,Majimoto/Naroosura
Narok,Narok South,Melelo
Narok,Narok South,Ololulung'A
Narok,Narok South,Sagamian
Narok,Narok South,Sogoo
Narok,Narok West,Ilmotiok
Narok,Narok West,Mara
Narok,Narok West,Naikarra
Narok,Narok West,Siana
Nyamira,Borabu,Esise
Nyamira,North Mugirango,Kiabonyoru
Nyamira,Borabu,Mekenene
Nyamira,Borabu,Nyansiongo
Nyamira,Kitutu Masaba,Gachuba
Nyamira,Kitutu Masaba,Gesima
Nyamira,Manga,Kemera
Nyamira,Manga,Magombo
Nyamira,Manga,Manga
Nyamira,Kitutu Masaba,Rigoma
Nyamira,North Mugirango,Bokeira
Nyamira,North Mugirango,Bomwagamo
Nyamira,North Mugirango,Ekerenyo
Nyamira,North Mugirango,Itibo
Nyamira,North Mugirango,Magwagwa
Nyamira,West Mugirango,Bogichora
Nyamira,West Mugirango,Bonyamatuta
Nyamira,West Mugirango,Bosamaro
Nyamira,West Mugirango,Nyamaiya
Nyamira,West Mugirango,Township
Nyandarua,Kinangop,Engineer
Nyandarua,Kinangop,Gathara
Nyandarua,Kinangop,Githabai
Nyandarua,Kinangop,Magumu
Nyandarua,Kinangop,Murungaru
Nyandarua,Kinangop,Njabini\Kiburu
Nyandarua,Kinangop,North Kinangop
Nyandarua,Kinangop,Nyakio
Nyandarua,Kipipiri,Geta
Nyandarua,Kipipiri,Githioro
Nyandarua,Kipipiri,Kipipiri
Nyandarua,Kipipiri,Wanjohi
Nyandarua,Ndaragwa,Central
Nyandarua,Ndaragwa,Kiriita
Nyandarua,Ndaragwa,Leshau/Pondo
Nyandarua,Ndaragwa,Shamata
Nyandarua,Ol Jorok,Charagita
Nyandarua,Ol Jorok,Gathanji
Nyandarua,Ol Jorok,Gatimu
Nyandarua,Ol Jorok,Weru
Nyandarua,Ol Kalou,Kaimbaga
Nyandarua,Ol Kalou,Kanjuiri Range
Nyandarua,Ol Kalou,Karau
Nyandarua,Ol Kalou,Mirangine
Nyandarua,Ol Kalou,Rurii
Nyeri,Kieni East,Gakawa
Nyeri,Kieni West,Gatarakwa
Nyeri,Kieni East,Kabaru
Nyeri,Kieni West,Mugunda
Nyeri,Kieni West,Mweiga
Nyeri,Kieni West,Mwiyogo/Endarasha
Nyeri,Kieni East,Naromoru Kiamathaga
Nyeri,Kieni East,Thegu River
Nyeri,Mathira East,Iriaini
Nyeri,Mathira East,Karatina Town
Nyeri,Mathira West,Kirimukuyu
Nyeri,Mathira East,Konyu
Nyeri,Mathira East,Magutu
Nyeri,Mathira West,Ruguru
Nyeri,Mukurweini,Gikondi
Nyeri,Mukurweini,Mukurwe-Ini Central
Nyeri,Mukurweini,Mukurwe-Ini West
Nyeri,Mukurweini,Rugi
Nyeri,Nyeri Town,Gatitu/Muruguru
Nyeri,Nyeri Town,Kamakwa/Mukaro
Nyeri,Nyeri Town,Kiganjo/Mathari
Nyeri,Nyeri Town,Ruring'U
Nyeri,Nyeri Town,Rware
Nyeri,Othaya,Chinga
Nyeri,Othaya,Iria-Ini
Nyeri,Othaya,Karima
Nyeri,Othaya,Mahiga
Nyeri,Tetu,Aguthi-Gaaki
Nyeri,Tetu,Dedan Kimanthi
Nyeri,Tetu,Wamagana
Samburu,Samburu East,Wamba East
Samburu,Samburu East,Wamba North
Samburu,Samburu East,Wamba West
Samburu,Samburu East,Waso
Samburu,Samburu North,Angata Nanyokie
Samburu,Samburu North,Baawa
Samburu,Samburu North,El-Barta
Samburu,Samburu North,Nachola
Samburu,Samburu North,Ndoto
Samburu,Samburu North,Nyiro
Samburu,Samburu West,Lodokejek
Samburu,Samburu West,Loosuk
Samburu,Samburu West,Maralal
Samburu,Samburu West,Poro
Samburu,Samburu West,Suguta Marmar
Siaya,Alego Usonga,Central Alego
Siaya,Alego Usonga,North Alego
Siaya,Alego Usonga,Siaya Township
Siaya,Alego Usonga,South East Alego
Siaya,Alego Usonga,Usonga
Siaya,Alego Usonga,West Alego
Siaya,Bondo,Central Sakwa
Siaya,Bondo,North Sakwa
Siaya,Bondo,South Sakwa
Siaya,Bondo,West Sakwa
Siaya,Bondo,West Yimbo
Siaya,Bondo,Yimbo East
Siaya,Gem,Central Gem
Siaya,Gem,East Gem
Siaya,Gem,North Gem
Siaya,Gem,South Gem
Siaya,Gem,West Gem
Siaya,Gem,Yala Township
Siaya,Rarieda,East Asembo
Siaya,Rarieda,North Uyoma
Siaya,Rarieda,South Uyoma
Siaya,Rarieda,West Asembo
Siaya,Rarieda,West Uyoma
Siaya,Ugenya,East Ugenya
Siaya,Ugenya,North Ugenya
Siaya,Ugenya,Ukwala
Siaya,Ugenya,West Ugenya
Siaya,Ugunja,Sidindi
Siaya,Ugunja,Sigomere
Siaya,Ugunja,Ugunja
Taita Taveta,Mwatate,Bura
Taita Taveta,Mwatate,Chawia
Taita Taveta,Mwatate,Mwatate
Taita Taveta,Mwatate,Rong'E
Taita Taveta,Mwatate,Wusi/Kishamba
Taita Taveta,Taveta,Bomani
Taita Taveta,Taveta,Chala
Taita Taveta,Taveta,Mahoo
Taita Taveta,Taveta,Mata
Taita Taveta,Taveta,Mboghoni
Taita Taveta,Voi,Kaloleni
Taita Taveta,Voi,Kasigau
Taita Taveta,Voi,Marungu
Taita Taveta,Voi,Mbololo
Taita Taveta,Voi,Ngolia
Taita Taveta,Voi,Sagalla
Taita Taveta,Wundanyi,Mwanda/Mgange
Taita Taveta,Wundanyi,Werugha
Taita Taveta,Wundanyi,Wumingu/Kishushe
Taita Taveta,Wundanyi,Wundanyi/Mbale
Tana River,Bura,Bangale
Tana River,Bura,Chewele
Tana River,Bura,Hirimani
Tana River,Bura,Madogo
Tana River,Bura,Sala
Tana River,Galole,Chewani
Tana River,Galole,Kinakomba
Tana River,Galole,Mikinduni
Tana River,Galole,Wayu
Tana River,Garsen,Garsen Central
Tana River,Garsen,Garsen North
Tana River,Garsen,Garsen South
Tana River,Garsen,Garsen West
Tana River,Garsen,Kipini East
Tana River,Garsen,Kipini West
Tharaka-Nithi,Chuka/Igambang'Ombe,Igambang'Ombe
Tharaka-Nithi,Chuka/Igambang'Ombe,Karingani
Tharaka-Nithi,Chuka/Igambang'Ombe,Magumoni
Tharaka-Nithi,Chuka/Igambang'Ombe,Mariani
Tharaka-Nithi,Chuka/Igambang'Ombe,Mugwe
Tharaka-Nithi,Muthambi,Akachiu
Tharaka-Nithi,Maara,Chogoria
Tharaka-Nithi,Maara,Ganga
Tharaka-Nithi,Maara,Mitheru
Tharaka-Nithi,Maara,Muthambi
Tharaka-Nithi,Maara,Mwimbi
Tharaka-Nithi,Muthambi,Chiakariga
Tharaka-Nithi,Tharaka,Gatunga
Tharaka-Nithi,Tharaka,Mukothima
Tharaka-Nithi,Muthambi,Nkondi
Trans Nzoia,Kwanza,Keiyo
Trans Nzoia,Cherangany,Chepsiro/Kiptoror
Trans Nzoia,Cherangany,Cherangany/Suwerwa
Trans Nzoia,Cherangany,Kaplamai
Trans Nzoia,Cherangany,Makutano
Trans Nzoia,Cherangany,Motosiet
Trans Nzoia,Cherangany,Sinyerere
Trans Nzoia,Cherangany,Sitatunga
Trans Nzoia,Endebess,Chepchoina
Trans Nzoia,Endebess,Endebess
Trans Nzoia,Endebess,Matumbei
Trans Nzoia,Kiminini,Hospital
Trans Nzoia,Kiminini,Kiminini
Trans Nzoia,Kiminini,Nabiswa
Trans Nzoia,Kiminini,Sikhendu
Trans Nzoia,Kiminini,Sirende
Trans Nzoia,Kiminini,Waitaluk
Trans Nzoia,Kwanza,Bidii
Trans Nzoia,Kwanza,Kapomboi
Trans Nzoia,Kwanza,Kwanza
Trans Nzoia,Saboti,Kinyoro
Trans Nzoia,Saboti,Machewa
Trans Nzoia,Saboti,Matisi
Trans Nzoia,Saboti,Saboti
Trans Nzoia,Saboti,Tuwani
Turkana,Turkana East,Lokori/Kochodin
Turkana,Loima,Kotaruk/Lobei
Turkana,Loima,Loima
Turkana,Loima,Lokiriama/Lorengippi
Turkana,Loima,Turkwel
Turkana,Turkana Central,Kalokol
Turkana,Turkana Central,Kanamkemer
Turkana,Turkana Central,Kang'Atotha
Turkana,Turkana Central,Kerio Delta
Turkana,Turkana Central,Lodwar Township
Turkana,Turkana East,Kapedo/Napeitom
Turkana,Turkana East,Katilia
Turkana,Turkana North,Kaaleng/Kaikor
Turkana,Turkana North,Kaeris
Turkana,Turkana North,Kibish
Turkana,Turkana North,Lake Zone
Turkana,Turkana North,Lapur
Turkana,Turkana North,Nakalale
Turkana,Turkana South,Kalapata
Turkana,Turkana South,Kaputir
Turkana,Turkana South,Katilu
Turkana,Turkana South,Lobokat
Turkana,Turkana South,Lokichar
Turkana,Turkana West,Kakuma
Turkana,Turkana West,Kalobeyei
Turkana,Turkana West,Letea
Turkana,Turkana West,Lokichoggio
Turkana,Turkana West,Lopur
Turkana,Turkana West,Nanaam
Turkana,Turkana West,Songot
Uasin Gishu,Ainabkoi,Ainabkoi/Olare
Uasin Gishu,Ainabkoi,Kapsoya
Uasin Gishu,Ainabkoi,Kaptagat
Uasin Gishu,Kapseret,Kipkenyo
Uasin Gishu,Kapseret,Langas
Uasin Gishu,Kapseret,Megun
Uasin Gishu,Kapseret,Ngeria
Uasin Gishu,Kapseret,Simat/Kapseret
Uasin Gishu,Kesses,Cheptiret/Kipchamo
Uasin Gishu,Kesses,Racecourse
Uasin Gishu,Kesses,Tarakwa
Uasin Gishu,Kesses,Tulwet/Chuiyat
Uasin Gishu,Moiben,Karuna/Meibeki
Uasin Gishu,Moiben,Kimumu
Uasin Gishu,Moiben,Moiben
Uasin Gishu,Moiben,Sergoit
Uasin Gishu,Moiben,Tembelio
Uasin Gishu,Soy,Kapkures
Uasin Gishu,Soy,Kipsomba
Uasin Gishu,Soy,Kuinet/Kapsuswa
Uasin Gishu,Soy,Moi'S Bridge
Uasin Gishu,Soy,Segero/Barsombe
Uasin Gishu,Soy,Soy
Uasin Gishu,Soy,Ziwa
Uasin Gishu,Turbo,Huruma
Uasin Gishu,Turbo,Kamagut
Uasin Gishu,Turbo,Kapsaos
Uasin Gishu,Turbo,Kiplombe
Uasin Gishu,Turbo,Ngenyilel
Uasin Gishu,Turbo,Tapsagoi
Vihiga,Emuhaya,Central Bunyore
Vihiga,Emuhaya,North East Bunyore
Vihiga,Emuhaya,West Bunyore
Vihiga,Hamisi,Banja
Vihiga,Hamisi,Gisambai
Vihiga,Hamisi,Jepkoyai
Vihiga,Hamisi,Muhudu
Vihiga,Hamisi,Shamakhokho
Vihiga,Hamisi,Shiru
Vihiga,Hamisi,Tambua
Vihiga,Luanda,Emabungo
Vihiga,Luanda,Luanda South
Vihiga,Luanda,Luanda Township
Vihiga,Luanda,Mwibona
Vihiga,Luanda,Wemilabi
Vihiga,Sabatia,Busali
Vihiga,Sabatia,Chavakali
Vihiga,Sabatia,Lyaduywa/Izava
Vihiga,Sabatia,North Maragoli
Vihiga,Sabatia,West Sabatia
Vihiga,Sabatia,Wodanga
Vihiga,Vihiga,Central Maragoli
Vihiga,Vihiga,Lugaga-Wamuluma
Vihiga,Vihiga,Mungoma
Vihiga,Vihiga,South Maragoli
Wajir,Eldas,Della
Wajir,Eldas,Eldas
Wajir,Eldas,Elnur/Tula Tula
Wajir,Eldas,Lakoley South/Basir
Wajir,Tarbaj,Elben
Wajir,Tarbaj,Sarman
Wajir,Tarbaj,Tarbaj
Wajir,Tarbaj,Wargadud
Wajir,Wajir East,Barwago
Wajir,Wajir East,Khorof/Harar
Wajir,Wajir East,Township
Wajir,Wajir East,Wagberi
Wajir,Wajir North,Batalu
Wajir,Wajir North,Bute
Wajir,Wajir North,Danaba
Wajir,Wajir North,Godoma
Wajir,Wajir North,Gurar
Wajir,Wajir North,Korondile
Wajir,Wajir North,Malkagufu
Wajir,Wajir South,Benane
Wajir,Wajir South,Burder
Wajir,Wajir South,Dadaja Bulla
Wajir,Wajir South,Diif
Wajir,Wajir South,Habasswein
Wajir,Wajir South,Ibrahim Ure
Wajir,Wajir South,Lagboghol South
Wajir,Wajir West,Adamasajide
Wajir,Wajir West,Arbajahan
Wajir,Wajir West,Ganyure/Wagalla
Wajir,Wajir West,Hadado/Athibohol
West Pokot,Kacheliba,Alale
West Pokot,Kacheliba,Kapchok
West Pokot,Kacheliba,Kasei
West Pokot,Kacheliba,Kiwawa
West Pokot,Kacheliba,Kodich
West Pokot,Kacheliba,Suam
West Pokot,Kapenguria,Endugh
West Pokot,Kapenguria,Kapenguria
West Pokot,Kapenguria,Lokori/Kochodin
West Pokot,Kapenguria,Mnagei
West Pokot,Kapenguria,Siyoi
West Pokot,Kapenguria,Sook
West Pokot,Pokot South,Batei
West Pokot,Pokot South,Chepareria
West Pokot,Pokot South,Lelan
West Pokot,Pokot South,Tapach
West Pokot,Sigor,Lomut
West Pokot,Sigor,Masool
West Pokot,Sigor,Sekerr
West Pokot,Sigor,Weiwei
Kwale,Kinango,Kasemeni
Kiambu,Ruiru,Mwihoko
Kiambu,Ruiru,Kahawa Sukari
Kiambu,Ruiru,Kahawa Wendani
Kiambu,Ruiru,Kiuu
Kiambu,Ruiru,Mwiki
Elgeyo-Marakwet,Marakwet East,Embobut/Embulot
Elgeyo-Marakwet,Marakwet West,Lelan
Nairobi,Mathare,Ngei
